

insert into LesCages
VALUES
    (11, 'enclos', 10);
insert into LesCages
VALUES
    (1, 'fosse', 1);
insert into LesCages
VALUES
    (2, 'aquarium', 1);
insert into LesCages
VALUES
    (3, 'volière', 2);
insert into LesCages
VALUES
    (4, 'grand aquarium', 1);
insert into LesCages
VALUES
    (12, 'enclos', 10);


insert into LesAnimaux
VALUES
    ('Charly', 'mâle', 'lion', 'Kenya', 1990, 12);
insert into LesAnimaux
VALUES
    ('Arthur', 'mâle', 'ours', 'France', 1980, 1);
insert into LesAnimaux
VALUES
    ('Chloé', 'femelle', 'pie', 'France', 1991, 3);
insert into LesAnimaux
VALUES
    ('Milou', 'mâle', 'leopard', 'Kenya', 1990, 12);
insert into LesAnimaux
VALUES
    ('Tintin', 'mâle', 'leopard', 'France', 1993, 11);
insert into LesAnimaux
VALUES
    ('Charlotte', 'femelle', 'lion', 'Kenya', 1992, 12);



insert into LesResponsables
VALUES
    (10, 'Peyrin');
insert into LesResponsables
VALUES
    (1, 'Adiba');
insert into LesResponsables
VALUES
    (2, 'Voiron');




insert into LesMaladies
VALUES
    ('Charly', 'rage de dents');
insert into LesMaladies
VALUES
    ('Charly', 'grippe');
insert into LesMaladies
VALUES
    ('Milou', 'angine');
insert into LesMaladies
VALUES
    ('Chloé', 'grippe');



insert into LesEmployes
VALUES
    ('Peyrin', 'Nouméa');
insert into LesEmployes
VALUES
    ('Berrut', 'Sartène');
insert into LesEmployes
VALUES
    ('Sicard', 'Calvi');
insert into LesEmployes
VALUES
    ('Voiron', 'Pointe à Pitre');
insert into LesEmployes
VALUES
    ('Scholl', 'Ushuaia');
insert into LesEmployes
VALUES
    ('Adiba', 'Papeete');



insert into LesGardiens
VALUES
    (11, 'Scholl');
insert into LesGardiens
VALUES
    (12, 'Berrut');
insert into LesGardiens
VALUES
    (12, 'Sicard');
insert into LesGardiens
VALUES
    (11, 'Berrut');
insert into LesGardiens
VALUES
    (11, 'Sicard');
insert into LesGardiens
VALUES
    (1, 'Scholl');
insert into LesGardiens
VALUES
    (3, 'Scholl');
insert into LesGardiens
VALUES
    (12, 'Scholl');